n;name
1;XSS
1_1;Cross-Site Request Forgery
1_2;SQL-Инъекции
2;Ошибки считывания буфера
3;Повышение привелегий
4;Ошибки архитектуры аутентификации
5;Уязвимости излишнего потребления ресурсов
6;Повышение привелегий Windows
7;Ошибки псевдослучайных последовательностей
8;Уязвимость модификации данных
9;Уязвимости удаленнкого контроля терминала
10;Передача информации неавторизованному субъекту
11;Ошибки кодирования средств удаленного доступа
12;Ошибка дессериализации данных
13;Уязвимости загрузки файлов
14;Уязвимость подмены команд
15;Уязвимости генерации кода
16;Уязвимости подмены данных
17;Уязвимости потери контроля доступа
18;Уязвимость введения произвольных команд
19;Уязвимости подмены адреса
20;Ошибки проверки сертификата
21;Ошибки проверки достоверности
22;Недостаточная проверка конфигурационных фалов
23;Ошибки ненадлежащего использовани УД
24;Ошибки проверки целостности исходного кода
25;Уязвимости нарушения конфеденциальности данных
26;Ошибки MySQL
27;Ошибки сетевого оборудования
28;Исполнение произвольного кода
